{
  "playerPosition": {
    "x": 327.36297308822344,
    "y": 128.63104218036614
  },
  "enemyPositions": [
    {
      "x": 769.7837341009954,
      "y": 485.0884049463705
    }
  ]
}